[
	{
		"groupname": "Pages settings",
		"groupdesc": "Parameters for theme pages are configured here.",
		"fields": [
			{
				"name": "template_show_details_on_pages",
				"type": "Switcher",
				"label": "Display details on pages",
				"tooltip": "Enable the display of the page information block for each page content item.",
				"default": "N",
				"class": "",
				"visibility": ""
			},
			{
				"name": "template_show_author_info_on_pages",
				"type": "Switcher",
				"label": "Display Author Info on pages",
				"tooltip": "Enable the display of the author information block for each page content item.",
				"default": "Y",
				"class": "",
				"visibility": ""
			},
			{
				"name": "pages_show_comments_on_pages",
				"type": "Switcher",
				"label": "Display comments on pages",
				"tooltip": "Enable the display of the comments block for each page content item.",
				"default": "Y",
				"class": "",
				"visibility": ""
			},
			{
				"name": "details_on_attachment_page",
				"type": "Switcher",
				"label": "Display sidebar information on the attachment page",
				"tooltip": "You can disable showing the sidebar with additional information on the attachment page.",
				"default": "Y",
				"class": "",
				"visibility": ""
			},
			{
			    "name": "contact_page_options",
			    "type": "TextBlock",
			    "label": "Contact Page Template"
			},
			{
				"name": "contact_template_email",
				"type": "Text",
				"label": "Contact e-mail",
				"tooltip": "Specifies e-mail used on the Contact page template",
				"default": "",
				"class": "",
				"visibility": ""
			},
			{
				"name": "recaptcha_state",
				"type": "Switcher",
				"label": "Use reCAPTCHA on contact page",
				"tooltip": "Enable use of reCAPTCHA on the contact page.",
				"default": "N"
			},
			{
				"name": "recaptcha_public_key",
				"type": "Text",
				"label": "reCAPTCHA public key",
				"tooltip": "Public key to use on your domain",
				"default": "",
				"class": "",
				"visibility": "recaptcha_state=Y"
			},
			{
				"name": "recaptcha_private_key",
				"type": "Text",
				"label": "reCAPTCHA private key",
				"tooltip": "Private key to use on your domain",
				"default": "",
				"class": "",
				"visibility": "recaptcha_state=Y"
			}
		]
	}
]