[
	{
		"groupname": "Layout Theme Settings",
		"groupdesc": "Configure theme layout parameters.",
		"fields": [
			{
				"name": "content_position",
				"type": "Select",
				"label": "Content position",
				"tooltip": "Specify the content position.",
				"default": "left",
				"class": "",
				"visibility": "",
				"other": {
					"options": {
						"left": "Left",
						"center": "Center"
					}
				}
			},
			{
				"name": "sidebar_position",
				"type": "Select",
				"label": "Page Layout",
				"tooltip": "Specify the page layout.",
				"default": "right",
				"class": "",
				"visibility": "",
				"other": {
					"options": {
						"left": "Sidebar on the left",
						"right": "Sidebar on the right",
						"none": "Sidebar disabled"
					}
				}
			},
			{
				"name": "inset_position",
				"type": "Select",
				"label": "Inset column position",
				"tooltip": "Specify the inset column position in the layout.",
				"default": "right",
				"class": "",
				"visibility": "",
				"other": {
					"options": {
						"left": "Inset on the left",
						"right": "Inset on the right",
						"none": "Inset disabled"
					}
				}
			},
			{
				"name": "sidebar_width",
				"type": "Text",
				"label": "Sidebar Width",
				"tooltip": "Specify the width of the theme sidebar as a percentage",
				"default": "22"
			},
			{
				"name": "inset_width",
				"type": "Text",
				"label": "Inset Width",
				"tooltip": "Specify the width of the theme inset column as a percentage",
				"default": "27"
			},
			{
				"name": "template_width",
				"type": "Text",
				"label": "Theme Width",
				"tooltip": "Specify the maximum base width for the theme to be visible on desktop computers. Below this width theme will load desktop.small.css file.",
				"default": "1230"
			},
			{
				"name": "tablet_width",
				"type": "Text",
				"label": "Tablet Width",
				"tooltip": "Specify the browser width when tablet.css is loaded. We recommend 1030 pixels.",
				"default": "1030"
			},
			{
				"name": "small_tablet_width",
				"type": "Text",
				"label": "Small Tablet Width",
				"tooltip": "Specify the browser width when tablet.small.css is loaded. We recommend 820 pixels.",
				"default": "820"
			},
			{
				"name": "mobile_width",
				"type": "Text",
				"label": "Mobile Width",
				"tooltip": "Specify the browser width when mobile.css is loaded. We recommend 580 pixels",
				"default": "580"
			},
			{
				"name": "head_code",
				"type": "Textarea",
				"label": "Code for the HEAD section",
				"tooltip": "You can specify the code which will be added at the end of the HEAD section - it is useful when you need to add some additional metatags, scripts etc.",
				"default": ""
			},
			{
				"name": "footer_code",
				"type": "Textarea",
				"label": "Code for the footer section",
				"tooltip": "You can specify the code which will be added before closing body tag - it is useful when you need to add some additional scripts, trackers etc.",
				"default": ""
			}
		]
	}
]